Gene ID,Gene symbol,Description,Scientific name,Common name,RefSeq Transcript accessions,RefSeq Protein accessions,SPARCLE ID,Curation Status,RefseqSelect,Default sequence
627,BDNF,brain derived neurotrophic factor,Homo sapiens,human,NM_001709.5,NP_001700.2,10639753,curated,RefseqSelect,default-seq
12064,Bdnf,brain derived neurotrophic factor,Mus musculus,house mouse,NM_001048142.1,NP_001041607.1,10639753,curated,RefseqSelect,default-seq
24225,Bdnf,brain-derived neurotrophic factor,Rattus norvegicus,Norway rat,NM_001270630.1,NP_001257559.1,10639753,curated,,default-seq
58118,bdnf,brain-derived neurotrophic factor,Danio rerio,zebrafish,NM_001308648.1,NP_001295577.1,10639753,curated,,default-seq
396186,BDNF,brain derived neurotrophic factor,Gallus gallus,chicken,XM_015286148.2,XP_015141634.1,10639753,model,,default-seq
397495,BDNF,brain derived neurotrophic factor,Sus scrofa,pig,XM_005654684.3,XP_005654741.1,10639753,model,,default-seq
403461,BDNF,brain derived neurotrophic factor,Canis lupus familiaris,dog,XM_005633263.3,XP_005633320.1,10639753,model,,default-seq
493690,BDNF,brain derived neurotrophic factor,Felis catus,domestic cat,NM_001009828.1,NP_001009828.1,10639753,curated,,default-seq
503511,BDNF,brain derived neurotrophic factor,Pan troglodytes,chimpanzee,NM_001012441.1,NP_001012443.1,10639753,curated,,default-seq
554233,BDNF,brain derived neurotrophic factor,Monodelphis domestica,gray short-tailed opossum,XM_007497196.2,XP_007497258.1,10639753,model,,default-seq
617701,BDNF,brain derived neurotrophic factor,Bos taurus,cattle,XM_005216334.4,XP_005216391.1,10639753,model,,default-seq
701245,BDNF,brain derived neurotrophic factor,Macaca mulatta,Rhesus monkey,XM_015114598.2,XP_014970084.1,10639753,model,,default-seq
751584,BDNF,brain derived neurotrophic factor,Taeniopygia guttata,zebra finch,XM_012573739.3,XP_012429193.1,10639753,model,,default-seq
100009689,BDNF,brain derived neurotrophic factor,Equus caballus,horse,NM_001081787.1,NP_001075256.1,10639753,curated,,default-seq
100037853,bdnf,brain-derived neurotrophic factor,Xenopus tropicalis,tropical clawed frog,XM_031899708.1,XP_031755568.1,,model,,default-seq
100081142,BDNF,brain derived neurotrophic factor,Ornithorhynchus anatinus,platypus,XM_029059317.1,XP_028915150.1,10639753,model,,default-seq
100356949,BDNF,brain derived neurotrophic factor,Oryctolagus cuniculus,rabbit,XM_017345633.1,XP_017201122.1,10639753,model,,default-seq
100409412,BDNF,brain derived neurotrophic factor,Callithrix jacchus,white-tufted-ear marmoset,XM_009007854.3,XP_009006102.1,10639753,model,,default-seq
100447350,BDNF,brain derived neurotrophic factor,Pongo abelii,Sumatran orangutan,XM_002821931.2,XP_002821977.1,10639753,model,,default-seq
100467162,BDNF,brain derived neurotrophic factor,Ailuropoda melanoleuca,giant panda,XM_011226480.3,XP_011224782.2,10639753,model,,default-seq
100547785,BDNF,brain derived neurotrophic factor,Meleagris gallopavo,turkey,XM_010710698.3,XP_010709000.1,10639753,model,,default-seq
100564408,bdnf,brain derived neurotrophic factor,Anolis carolinensis,green anole,XM_008118081.2,XP_008116288.1,10639753,model,,default-seq
100594402,BDNF,brain derived neurotrophic factor,Nomascus leucogenys,northern white-cheeked gibbon,XM_003254347.2,XP_003254395.1,10639753,model,,default-seq
100667885,BDNF,brain derived neurotrophic factor,Loxodonta africana,African savanna elephant,XM_023550772.1,XP_023406540.1,10639753,model,,default-seq
100691267,bdnf,brain-derived neurotrophic factor,Oreochromis niloticus,Nile tilapia,XM_005466922.3,XP_005466979.1,10639753,model,,default-seq
100730257,Bdnf,brain derived neurotrophic factor,Cavia porcellus,domestic guinea pig,XM_013147262.2,XP_013002716.1,10639753,model,,default-seq
100768664,Bdnf,brain derived neurotrophic factor,Cricetulus griseus,Chinese hamster,XM_007653166.4,XP_007651356.1,10639753,model,,default-seq
100934810,BDNF,brain derived neurotrophic factor,Sarcophilus harrisii,Tasmanian devil,XM_031944159.1,XP_031800019.1,,model,,default-seq
100958946,BDNF,brain derived neurotrophic factor,Otolemur garnettii,small-eared galago,XM_012814047.1,XP_012669501.1,10639753,model,,default-seq
100983866,BDNF,brain derived neurotrophic factor,Pan paniscus,pygmy chimpanzee,XM_034932318.1,XP_034788209.1,,model,,default-seq
101007866,BDNF,brain derived neurotrophic factor,Papio anubis,olive baboon,XM_017948537.3,XP_017804026.1,10639753,model,,default-seq
101037414,BDNF,brain derived neurotrophic factor,Saimiri boliviensis,Bolivian squirrel monkey,XM_003919940.2,XP_003919989.2,10639753,model,,default-seq
101066049,bdnf,brain-derived neurotrophic factor,Takifugu rubripes,torafugu,XM_029846527.1,XP_029702387.1,,model,,default-seq
101117275,BDNF,brain derived neurotrophic factor,Ovis aries,sheep,XM_012096129.3,XP_011951519.2,10639753,model,,default-seq
101134399,BDNF,brain derived neurotrophic factor,Gorilla gorilla,western gorilla,XM_004050851.2,XP_004050899.1,10639753,model,,default-seq
101167940,bdnf,brain-derived neurotrophic factor,Oryzias latipes,Japanese medaka,XM_020713401.2,XP_020569060.1,10639753,model,,default-seq
101281702,BDNF,brain derived neurotrophic factor,Orcinus orca,killer whale,XM_004263941.3,XP_004263989.1,10639753,model,,default-seq
101338565,BDNF,brain derived neurotrophic factor,Tursiops truncatus,common bottlenose dolphin,XM_019947883.2,XP_019803442.1,10639753,model,,default-seq
101350169,LOC101350169,brain derived neurotrophic factor,Trichechus manatus latirostris,Florida manatee,XM_004369733.1,XP_004369790.1,10639753,model,,default-seq
101372507,BDNF,brain derived neurotrophic factor,Odobenus rosmarus divergens,Pacific walrus,XM_004408653.1,XP_004408710.1,10639753,model,,default-seq
101398458,LOC101398458,brain derived neurotrophic factor,Ceratotherium simum simum,southern white rhinoceros,XM_004418542.2,XP_004418599.1,10639753,model,,default-seq
101428552,BDNF,brain derived neurotrophic factor,Dasypus novemcinctus,nine-banded armadillo,XM_012523604.2,XP_012379058.1,10639753,model,,default-seq
101486366,bdnf,brain-derived neurotrophic factor,Maylandia zebra,zebra mbuna,XM_004543257.3,XP_004543314.1,10639753,model,,default-seq
101528222,BDNF,brain derived neurotrophic factor,Ochotona princeps,American pika,XM_004585440.1,XP_004585497.1,10639753,model,,default-seq
101553155,BDNF,brain derived neurotrophic factor,Sorex araneus,European shrew,XM_004607860.1,XP_004607917.1,10639753,model,,default-seq
101566518,Bdnf,brain derived neurotrophic factor,Octodon degus,degu,XM_004644113.2,XP_004644170.1,10639753,model,,default-seq
101600646,Bdnf,brain derived neurotrophic factor,Jaculus jaculus,lesser Egyptian jerboa,XM_004660846.2,XP_004660903.1,10639753,model,,default-seq
101632951,BDNF,brain derived neurotrophic factor,Condylura cristata,star-nosed mole,XM_004682964.2,XP_004683021.1,10639753,model,,default-seq
101643198,BDNF,brain derived neurotrophic factor,Echinops telfairi,small Madagascar hedgehog,XM_004708253.2,XP_004708310.1,10639753,model,,default-seq
101687038,BDNF,brain derived neurotrophic factor,Mustela putorius furo,domestic ferret,XM_004755891.2,XP_004755948.1,10639753,model,,default-seq
101704465,Bdnf,brain derived neurotrophic factor,Heterocephalus glaber,naked mole-rat,XM_004851581.3,XP_004851638.1,10639753,model,,default-seq
101793720,BDNF,brain derived neurotrophic factor,Anas platyrhynchos,mallard,XM_027458617.1,XP_027314418.1,10639753,model,,default-seq
101819815,BDNF,brain derived neurotrophic factor,Ficedula albicollis,Collared flycatcher,XM_005046293.2,XP_005046350.1,10639753,model,,default-seq
101837384,Bdnf,brain derived neurotrophic factor,Mesocricetus auratus,golden hamster,XM_005064810.3,XP_005064867.1,10639753,model,,default-seq
101867654,LOC101867654,brain derived neurotrophic factor,Melopsittacus undulatus,budgerigar,XM_031050332.2,XP_030906192.1,,model,,default-seq
101920877,BDNF,brain derived neurotrophic factor,Falco peregrinus,peregrine falcon,XM_005235654.2,XP_005235711.1,10639753,model,,default-seq
101940773,BDNF,brain derived neurotrophic factor,Chrysemys picta,Painted turtle,XM_005306369.3,XP_005306426.1,10639753,model,,default-seq
101954451,Bdnf,brain derived neurotrophic factor,Ictidomys tridecemlineatus,thirteen-lined ground squirrel,XM_005328048.2,XP_005328105.1,10639753,model,,default-seq
101993181,Bdnf,brain derived neurotrophic factor,Microtus ochrogaster,prairie vole,XM_005364052.2,XP_005364109.1,10639753,model,,default-seq
102016703,Bdnf,brain derived neurotrophic factor,Chinchilla lanigera,long-tailed chinchilla,XM_005401751.2,XP_005401808.1,10639753,model,,default-seq
102041696,BDNF,brain derived neurotrophic factor,Geospiza fortis,medium ground-finch,XM_005426937.2,XP_005426994.1,10639753,model,,default-seq
102053337,BDNF,brain derived neurotrophic factor,Falco cherrug,Saker falcon,XM_005436172.2,XP_005436229.1,10639753,model,,default-seq
102071426,BDNF,brain derived neurotrophic factor,Zonotrichia albicollis,white-throated sparrow,XM_014270822.2,XP_014126297.1,10639753,model,,default-seq
102092034,BDNF,brain derived neurotrophic factor,Columba livia,rock pigeon,XM_005499331.2,XP_005499388.1,10639753,model,,default-seq
102104483,BDNF,brain derived neurotrophic factor,Pseudopodoces humilis,Tibetan ground-tit,XM_005530281.1,XP_005530338.1,10639753,model,,default-seq
102126294,BDNF,brain derived neurotrophic factor,Macaca fascicularis,crab-eating macaque,XM_005578346.2,XP_005578403.1,10639753,model,,default-seq
102180782,BDNF,brain derived neurotrophic factor,Capra hircus,goat,XM_005690025.2,XP_005690082.2,10639753,model,,default-seq
102194199,bdnf,brain-derived neurotrophic factor,Pundamilia nyererei,,XM_005724258.1,XP_005724315.1,10639753,model,,default-seq
102237475,bdnf,brain-derived neurotrophic factor,Xiphophorus maculatus,southern platyfish,XM_023331776.1,XP_023187544.1,10639753,model,,default-seq
102247090,BDNF,brain derived neurotrophic factor,Myotis brandtii,Brandt's bat,XM_014545223.1,XP_014400709.1,10639753,model,,default-seq
102279714,BDNF,brain derived neurotrophic factor,Bos mutus,wild yak,XM_005890667.2,XP_005890729.1,10639753,model,,default-seq
102298257,bdnf,brain-derived neurotrophic factor,Haplochromis burtoni,Burton's mouthbrooder,XM_005937203.2,XP_005937265.1,10639753,model,,default-seq
102353793,BDNF,brain-derived neurotrophic factor,Latimeria chalumnae,coelacanth,XM_005995059.2,XP_005995121.1,10639753,model,,default-seq
102381545,BDNF,brain derived neurotrophic factor,Alligator sinensis,Chinese alligator,XM_006020695.3,XP_006020757.1,10639753,model,,default-seq
102395046,BDNF,brain derived neurotrophic factor,Bubalus bubalis,water buffalo,XM_006068006.2,XP_006068068.1,10639753,model,,default-seq
102440705,BDNF,brain derived neurotrophic factor,Myotis lucifugus,little brown bat,XM_023756374.1,XP_023612142.1,10639753,model,,default-seq
102445524,BDNF,brain derived neurotrophic factor,Pelodiscus sinensis,Chinese soft-shelled turtle,XM_014574007.2,XP_014429493.1,10639753,model,,default-seq
102475289,BDNF,brain derived neurotrophic factor,Tupaia chinensis,Chinese tree shrew,XM_014591303.2,XP_014446789.1,10639753,model,,default-seq
102511705,BDNF,brain derived neurotrophic factor,Camelus ferus,Wild Bactrian camel,XM_006195083.3,XP_006195145.1,10639753,model,,default-seq
102532564,BDNF,brain derived neurotrophic factor,Vicugna pacos,alpaca,XM_031681074.1,XP_031536934.1,,model,,default-seq
102568446,BDNF,brain derived neurotrophic factor,Alligator mississippiensis,American alligator,XM_019476630.1,XP_019332175.1,10639753,model,,default-seq
102697197,bdnf,brain-derived neurotrophic factor,Lepisosteus oculatus,spotted gar,XM_015338619.1,XP_015194105.1,10639753,model,,default-seq
102730927,BDNF,brain derived neurotrophic factor,Leptonychotes weddellii,Weddell seal,XM_031025064.1,XP_030880924.1,,model,,default-seq
102754946,BDNF,brain derived neurotrophic factor,Myotis davidii,,XM_006753948.2,XP_006754011.1,10639753,model,,default-seq
102782281,bdnf,brain-derived neurotrophic factor,Neolamprologus brichardi,,XM_006780263.1,XP_006780326.1,10639753,model,,default-seq
102839210,BDNF,brain derived neurotrophic factor,Chrysochloris asiatica,Cape golden mole,XM_006864851.1,XP_006864913.1,10639753,model,,default-seq
102870215,BDNF,brain derived neurotrophic factor,Elephantulus edwardii,Cape elephant shrew,XM_006883713.1,XP_006883775.1,10639753,model,,default-seq
102896087,BDNF,brain derived neurotrophic factor,Pteropus alecto,black flying fox,XM_006907988.2,XP_006908050.1,10639753,model,,default-seq
102911929,Bdnf,brain derived neurotrophic factor,Peromyscus maniculatus bairdii,prairie deer mouse,XM_006980818.2,XP_006980880.1,10639753,model,,default-seq
102942197,BDNF,brain derived neurotrophic factor,Chelonia mydas,Green sea turtle,XM_027830119.1,XP_027685920.1,10639753,model,,default-seq
102958723,BDNF,brain derived neurotrophic factor,Panthera tigris altaica,Amur tiger,XM_015544869.1,XP_015400355.1,10639753,model,,default-seq
102977934,BDNF,brain derived neurotrophic factor,Physeter catodon,sperm whale,XM_028501134.1,XP_028356935.1,10639753,model,,default-seq
103017938,BDNF,brain derived neurotrophic factor,Balaenoptera acutorostrata scammoni,,XM_007180991.1,XP_007181053.1,10639753,model,,default-seq
103035730,bdnf,brain-derived neurotrophic factor,Astyanax mexicanus,Mexican tetra,XM_022667082.1,XP_022522803.1,10639753,model,,default-seq
103063519,BDNF,brain derived neurotrophic factor,Python bivittatus,Burmese python,XM_025169672.1,XP_025025440.1,10639753,model,,default-seq
103085069,BDNF,brain derived neurotrophic factor,Lipotes vexillifer,Yangtze River dolphin,XM_007461679.1,XP_007461741.1,10639753,model,,default-seq
103126099,BDNF,brain derived neurotrophic factor,Erinaceus europaeus,western European hedgehog,XM_016194241.1,XP_016049727.1,10639753,model,,default-seq
103139320,bdnf,brain-derived neurotrophic factor,Poecilia formosa,Amazon molly,XM_016672387.1,XP_016527873.1,10639753,model,,default-seq
103174983,bdnf,brain-derived neurotrophic factor,Callorhinchus milii,elephant shark,XM_007887667.1,XP_007885858.1,10639753,model,,default-seq
103206496,BDNF,brain derived neurotrophic factor,Orycteropus afer afer,,XM_007951952.1,XP_007950143.1,10639753,model,,default-seq
103238537,BDNF,brain derived neurotrophic factor,Chlorocebus sabaeus,green monkey,XM_008003703.1,XP_008001894.1,10639753,model,,default-seq
103252117,BDNF,brain derived neurotrophic factor,Carlito syrichta,Philippine tarsier,XM_008050727.1,XP_008048918.1,10639753,model,,default-seq
103292699,BDNF,brain derived neurotrophic factor,Eptesicus fuscus,big brown bat,XM_008148947.2,XP_008147169.1,10639753,model,,default-seq
103365620,bdnf,brain-derived neurotrophic factor,Stegastes partitus,bicolor damselfish,XM_008293095.1,XP_008291317.1,10639753,model,,default-seq
103378703,bdnf,brain-derived neurotrophic factor,Cynoglossus semilaevis,tongue sole,XM_017032306.1,XP_016887795.1,10639753,model,,default-seq
103462396,bdnf,brain-derived neurotrophic factor,Poecilia reticulata,guppy,XM_008405147.2,XP_008403369.1,10639753,model,,default-seq
103538408,BDNF,brain derived neurotrophic factor,Calypte anna,Anna's hummingbird,XM_030451239.1,XP_030307099.1,,model,,default-seq
103552694,BDNF,brain derived neurotrophic factor,Equus przewalskii,Przewalski's horse,XM_008522855.1,XP_008521077.1,10639753,model,,default-seq
103599960,BDNF,brain derived neurotrophic factor,Galeopterus variegatus,Sunda flying lemur,XM_008584165.1,XP_008582387.1,10639753,model,,default-seq
103624773,BDNF,brain derived neurotrophic factor,Corvus brachyrhynchos,American crow,XM_008644084.2,XP_008642306.1,10639753,model,,default-seq
103659367,BDNF,brain derived neurotrophic factor,Ursus maritimus,polar bear,XM_008686880.1,XP_008685102.1,10639753,model,,default-seq
103748489,Bdnf,brain derived neurotrophic factor,Nannospalax galili,Upper Galilee mountains blind mole rat,XM_029555090.1,XP_029410950.1,,model,,default-seq
103764539,BDNF,brain derived neurotrophic factor,Manacus vitellinus,golden-collared manakin,XM_018081789.2,XP_017937278.1,10639753,model,,default-seq
103778492,BDNF,brain derived neurotrophic factor,Merops nubicus,carmine bee-eater,XM_008946081.1,XP_008944329.1,10639753,model,,default-seq
103811115,BDNF,brain derived neurotrophic factor,Acanthisitta chloris,rifleman,XM_009084069.1,XP_009082317.1,10639753,model,,default-seq
103822085,BDNF,brain derived neurotrophic factor,Serinus canaria,Common canary,XM_009097040.3,XP_009095288.1,10639753,model,,default-seq
103906808,BDNF,brain derived neurotrophic factor,Aptenodytes forsteri,emperor penguin,XM_019474511.1,XP_019330056.1,10639753,model,,default-seq
103925753,BDNF,brain derived neurotrophic factor,Pygoscelis adeliae,Adelie penguin,XM_009334518.1,XP_009332793.1,10639753,model,,default-seq
104009422,BDNF,brain derived neurotrophic factor,Nipponia nippon,crested ibis,XM_009461407.1,XP_009459682.1,10639753,model,,default-seq
104026574,BDNF,brain derived neurotrophic factor,Pelecanus crispus,Dalmatian pelican,XM_009483459.1,XP_009481734.1,10639753,model,,default-seq
104045959,BDNF,brain derived neurotrophic factor,Phalacrocorax carbo,great cormorant,XM_009506018.1,XP_009504313.1,10639753,model,,default-seq
104054713,BDNF,brain derived neurotrophic factor,Cuculus canorus,common cuckoo,XM_009555765.1,XP_009554060.1,10639753,model,,default-seq
104081661,BDNF,brain derived neurotrophic factor,Fulmarus glacialis,Northern fulmar,XM_009584497.1,XP_009582792.1,10639753,model,,default-seq
104123336,BDNF,brain derived neurotrophic factor,Egretta garzetta,little egret,XM_009635573.1,XP_009633868.1,10639753,model,,default-seq
104147075,BDNF,brain derived neurotrophic factor,Struthio camelus australis,,XM_009679447.1,XP_009677742.1,10639753,model,,default-seq
104168519,BDNF,brain derived neurotrophic factor,Cariama cristata,Red-legged seriema,XM_009709132.1,XP_009707434.1,10639753,model,,default-seq
104253520,BDNF,brain derived neurotrophic factor,Gavia stellata,red-throated loon,XM_009807008.1,XP_009805310.1,10639753,model,,default-seq
104279718,BDNF,brain derived neurotrophic factor,Apaloderma vittatum,bar-tailed trogon,XM_009877094.1,XP_009875396.1,10639753,model,,default-seq
104293195,BDNF,brain derived neurotrophic factor,Charadrius vociferus,killdeer,XM_009892685.1,XP_009890987.1,10639753,model,,default-seq
104300997,BDNF,brain derived neurotrophic factor,Picoides pubescens,Downy woodpecker,XM_009901330.1,XP_009899632.1,10639753,model,,default-seq
104318262,BDNF,brain derived neurotrophic factor,Haliaeetus albicilla,white-tailed eagle,XM_009919440.1,XP_009917742.1,10639753,model,,default-seq
104331794,BDNF,brain derived neurotrophic factor,Opisthocomus hoazin,,XM_009937137.1,XP_009935439.1,10639753,model,,default-seq
104354654,BDNF,brain derived neurotrophic factor,Leptosomus discolor,cuckoo roller,XM_009961628.1,XP_009959930.1,10639753,model,,default-seq
104367413,BDNF,brain derived neurotrophic factor,Tyto alba,Barn owl,XM_033007022.1,XP_032862913.1,,model,,default-seq
104379965,BDNF,brain derived neurotrophic factor,Tauraco erythrolophus,red-crested turaco,XM_009987364.1,XP_009985666.1,10639753,model,,default-seq
104394627,BDNF,brain derived neurotrophic factor,Chaetura pelagica,chimney swift,XM_010004242.1,XP_010002544.1,10639753,model,,default-seq
104409217,BDNF,brain derived neurotrophic factor,Nestor notabilis,Kea,XM_010019023.1,XP_010017325.1,10639753,model,,default-seq
104472048,BDNF,brain derived neurotrophic factor,Pterocles gutturalis,yellow-throated sandgrouse,XM_010087584.1,XP_010085886.1,10639753,model,,default-seq
104475611,BDNF,brain derived neurotrophic factor,Chlamydotis macqueenii,Macqueen's bustard,XM_010124146.1,XP_010122448.1,10639753,model,,default-seq
104497607,BDNF,brain derived neurotrophic factor,Buceros rhinoceros silvestris,,XM_010140876.1,XP_010139178.1,10639753,model,,default-seq
104505629,BDNF,brain derived neurotrophic factor,Eurypyga helias,sunbittern,XM_010153077.1,XP_010151379.1,10639753,model,,default-seq
104524723,BDNF,brain derived neurotrophic factor,Antrostomus carolinensis,chuck-will's-widow,XM_010167688.2,XP_010165990.2,10639753,model,,default-seq
104535938,BDNF,brain derived neurotrophic factor,Mesitornis unicolor,brown roatelo,XM_010181413.1,XP_010179715.1,10639753,model,,default-seq
104562495,BDNF,brain derived neurotrophic factor,Colius striatus,speckled mousebird,XM_010208602.1,XP_010206904.1,10639753,model,,default-seq
104579047,BDNF,brain derived neurotrophic factor,Tinamus guttatus,white-throated tinamou,XM_010226640.1,XP_010224942.1,10639753,model,,default-seq
104618430,BDNF,brain derived neurotrophic factor,Phaethon lepturus,White-tailed tropicbird,XM_010284015.1,XP_010282317.1,10639753,model,,default-seq
104631845,BDNF,brain derived neurotrophic factor,Balearica regulorum gibbericeps,East African grey crowned-crane,XM_010298236.1,XP_010296538.1,10639753,model,,default-seq
104671126,BDNF,brain derived neurotrophic factor,Rhinopithecus roxellana,golden snub-nosed monkey,XM_010374529.2,XP_010372831.1,10639753,model,,default-seq
104692933,BDNF,brain derived neurotrophic factor,Corvus cornix cornix,,XM_010405240.3,XP_010403542.1,10639753,model,,default-seq
104829468,BDNF,brain derived neurotrophic factor,Haliaeetus leucocephalus,bald eagle,XM_010563723.1,XP_010562025.1,10639753,model,,default-seq
104873642,Bdnf,brain derived neurotrophic factor,Fukomys damarensis,Damara mole-rat,XM_033764060.1,XP_033619951.1,,model,,default-seq
104919246,bdnf,brain-derived neurotrophic factor,Larimichthys crocea,large yellow croaker,XM_019260722.2,XP_019116267.1,10639753,model,,default-seq
104964456,bdnf,brain-derived neurotrophic factor,Notothenia coriiceps,black rockcod,XM_010793243.1,XP_010791545.1,10639753,model,,default-seq
104982427,BDNF,brain derived neurotrophic factor,Bison bison bison,,XM_010831788.1,XP_010830090.1,10639753,model,,default-seq
105022251,bdnf,brain-derived neurotrophic factor,Esox lucius,northern pike,XM_020053030.2,XP_019908589.1,10639753,model,,default-seq
105076551,BDNF,brain derived neurotrophic factor,Camelus bactrianus,Bactrian camel,XM_010964743.1,XP_010963045.1,10639753,model,,default-seq
105106448,BDNF,brain derived neurotrophic factor,Camelus dromedarius,Arabian camel,XM_031459858.1,XP_031315718.1,,model,,default-seq
105293721,BDNF,brain derived neurotrophic factor,Pteropus vampyrus,large flying fox,XM_011362565.2,XP_011360867.1,10639753,model,,default-seq
105463281,BDNF,brain derived neurotrophic factor,Macaca nemestrina,pig-tailed macaque,XM_011710310.2,XP_011708612.1,10639753,model,,default-seq
105507710,BDNF,brain derived neurotrophic factor,Colobus angolensis palliatus,,XM_011936307.1,XP_011791697.1,10639753,model,,default-seq
105528120,BDNF,brain derived neurotrophic factor,Mandrillus leucophaeus,drill,XM_011964715.1,XP_011820105.1,10639753,model,,default-seq
105572781,BDNF,brain derived neurotrophic factor,Cercocebus atys,sooty mangabey,XM_012031697.1,XP_011887087.1,10639753,model,,default-seq
105717219,BDNF,brain derived neurotrophic factor,Aotus nancymaae,Ma's night monkey,XM_012452238.1,XP_012307661.1,10639753,model,,default-seq
105814556,BDNF,brain derived neurotrophic factor,Propithecus coquereli,Coquerel's sifaka,XM_012649556.1,XP_012505010.1,10639753,model,,default-seq
105860148,BDNF,brain derived neurotrophic factor,Microcebus murinus,gray mouse lemur,XM_020286534.1,XP_020142123.1,10639753,model,,default-seq
105893071,bdnf,brain-derived neurotrophic factor,Clupea harengus,Atlantic herring,XM_031587459.1,XP_031443319.1,,model,,default-seq
105916320,bdnf,brain-derived neurotrophic factor,Fundulus heteroclitus,mummichog,XM_021309594.1,XP_021165269.1,10639753,model,,default-seq
105988089,Bdnf,brain derived neurotrophic factor,Dipodomys ordii,Ord's kangaroo rat,XM_013019592.1,XP_012875046.1,10639753,model,,default-seq
106033956,BDNF,brain derived neurotrophic factor,Anser cygnoides domesticus,,XM_013177775.1,XP_013033229.1,10639753,model,,default-seq
106498156,BDNF,brain derived neurotrophic factor,Apteryx mantelli mantelli,,XM_013959299.1,XP_013814753.1,10639753,model,,default-seq
106530394,bdnf,brain-derived neurotrophic factor,Austrofundulus limnaeus,,XM_014025998.1,XP_013881452.1,10639753,model,,default-seq
106544765,BDNF,brain derived neurotrophic factor,Thamnophis sirtalis,,XM_014061142.1,XP_013916617.1,10639753,model,,default-seq
106824927,BDNF,brain derived neurotrophic factor,Equus asinus,ass,XM_014831462.1,XP_014686948.1,10639753,model,,default-seq
106861430,BDNF,brain derived neurotrophic factor,Sturnus vulgaris,Common starling,XM_014889810.1,XP_014745296.1,10639753,model,,default-seq
106894825,BDNF,brain derived neurotrophic factor,Calidris pugnax,ruff,XM_014953771.1,XP_014809257.1,10639753,model,,default-seq
106924896,bdnf,brain-derived neurotrophic factor,Poecilia mexicana,,XM_014998831.1,XP_014854317.1,10639753,model,,default-seq
106957890,bdnf,brain-derived neurotrophic factor,Poecilia latipinna,sailfin molly,XM_015049425.1,XP_014904911.1,10639753,model,,default-seq
106970278,BDNF,brain derived neurotrophic factor,Acinonyx jubatus,cheetah,XM_027072960.1,XP_026928761.1,10639753,model,,default-seq
107090640,bdnf,brain-derived neurotrophic factor,Cyprinodon variegatus,sheepshead minnow,XM_015384151.1,XP_015239637.1,10639753,model,,default-seq
107122569,BDNF,brain derived neurotrophic factor,Gekko japonicus,,XM_015425686.1,XP_015281172.1,10639753,model,,default-seq
107134338,Bdnf,brain derived neurotrophic factor,Marmota marmota marmota,Alpine marmot,XM_015476449.1,XP_015331935.1,10639753,model,,default-seq
107206143,BDNF,brain derived neurotrophic factor,Parus major,Great Tit,XM_015631657.3,XP_015487143.1,10639753,model,,default-seq
107286944,BDNF,brain derived neurotrophic factor,Protobothrops mucrosquamatus,,XM_015815390.1,XP_015670876.1,10639753,model,,default-seq
107314325,BDNF,brain derived neurotrophic factor,Coturnix japonica,Japanese quail,XM_015863456.2,XP_015718942.1,10639753,model,,default-seq
107381608,bdnf,brain-derived neurotrophic factor,Nothobranchius furzeri,turquoise killifish,XM_015953357.1,XP_015808843.1,10639753,model,,default-seq
107512170,BDNF,brain derived neurotrophic factor,Rousettus aegyptiacus,Egyptian rousette,XM_016147415.1,XP_016002901.1,10639753,model,,default-seq
107531942,BDNF,brain derived neurotrophic factor,Miniopterus natalensis,,XM_016206154.1,XP_016061640.1,10639753,model,,default-seq
107670730,bdnf,brain-derived neurotrophic factor,Sinocyclocheilus anshuiensis,,XM_016463442.1,XP_016318928.1,10639753,model,,default-seq
107755032,bdnf,brain-derived neurotrophic factor,Sinocyclocheilus rhinocerous,,XM_016571672.1,XP_016427158.1,10639753,model,,default-seq
108250531,bdnf,brain-derived neurotrophic factor,Kryptolebias marmoratus,mangrove rivulus,XM_017440456.2,XP_017295945.1,10639753,model,,default-seq
108259104,bdnf,brain-derived neurotrophic factor,Ictalurus punctatus,channel catfish,XM_017458315.1,XP_017313804.1,10639753,model,,default-seq
108311306,BDNF,brain derived neurotrophic factor,Cebus capucinus imitator,,XM_017538722.1,XP_017394211.1,10639753,model,,default-seq
108401589,BDNF,brain derived neurotrophic factor,Manis javanica,Malayan pangolin,XM_017667612.1,XP_017523101.1,10639753,model,,default-seq
108432367,bdnf,brain-derived neurotrophic factor,Pygocentrus nattereri,red-bellied piranha,XM_017706136.1,XP_017561625.1,10639753,model,,default-seq
108503193,BDNF,brain derived neurotrophic factor,Lepidothrix coronata,blue-crowned manakin,XM_017826956.1,XP_017682445.1,10639753,model,,default-seq
108519651,BDNF,brain derived neurotrophic factor,Rhinopithecus bieti,black snub-nosed monkey,XM_017858805.1,XP_017714294.1,10639753,model,,default-seq
108796333,BDNF,brain derived neurotrophic factor,Nanorana parkeri,,XM_018567792.1,XP_018423294.1,10639753,model,,default-seq
108889717,bdnf,brain-derived neurotrophic factor,Lates calcarifer,barramundi perch,XM_018686336.1,XP_018541852.1,10639753,model,,default-seq
109271282,BDNF,brain derived neurotrophic factor,Panthera pardus,leopard,XM_019456577.1,XP_019312122.1,10639753,model,,default-seq
109299028,BDNF,brain derived neurotrophic factor,Gavialis gangeticus,Gharial,XM_019519496.1,XP_019375041.1,10639753,model,,default-seq
109321582,BDNF,brain derived neurotrophic factor,Crocodylus porosus,Australian saltwater crocodile,XM_019552325.1,XP_019407870.1,10639753,model,,default-seq
109387036,BDNF,brain derived neurotrophic factor,Hipposideros armiger,great roundleaf bat,XM_019650718.1,XP_019506263.1,10639753,model,,default-seq
109514265,bdnf,brain-derived neurotrophic factor,Hippocampus comes,tiger tail seahorse,XM_019867195.1,XP_019722754.1,10639753,model,,default-seq
109569212,BDNF,brain derived neurotrophic factor,Bos indicus,zebu cattle,XM_019974522.1,XP_019830081.1,10639753,model,,default-seq
109624905,bdnf,brain-derived neurotrophic factor,Paralichthys olivaceus,Japanese flounder,XM_020079828.1,XP_019935387.1,10639753,model,,default-seq
109695020,Bdnf,brain derived neurotrophic factor,Castor canadensis,American beaver,XM_020177315.1,XP_020032904.1,10639753,model,,default-seq
109938236,bdnf,brain-derived neurotrophic factor,Rhincodon typus,whale shark,XM_020536678.1,XP_020392267.1,10446556,model,,default-seq
109963004,bdnf,brain-derived neurotrophic factor,Monopterus albus,swamp eel,XM_020605233.1,XP_020460889.1,10639753,model,,default-seq
109983019,bdnf,brain-derived neurotrophic factor,Labrus bergylta,ballan wrasse,XM_020632519.2,XP_020488175.1,10639753,model,,default-seq
110077404,BDNF,brain derived neurotrophic factor,Pogona vitticeps,central bearded dragon,XM_020790423.1,XP_020646082.1,10639753,model,,default-seq
110143608,BDNF,brain derived neurotrophic factor,Odocoileus virginianus texanus,,XM_020903256.1,XP_020758915.1,10639753,model,,default-seq
110173056,bdnf,brain-derived neurotrophic factor,Boleophthalmus pectinirostris,great blue-spotted mudskipper,XM_020939026.1,XP_020794685.1,10639753,model,,default-seq
110202027,BDNF,brain derived neurotrophic factor,Phascolarctos cinereus,koala,XM_020977976.1,XP_020833635.1,10639753,model,,default-seq
110285237,Bdnf,brain derived neurotrophic factor,Mus caroli,Ryukyu mouse,XM_021151236.2,XP_021006895.1,10639753,model,,default-seq
110318089,Bdnf,brain derived neurotrophic factor,Mus pahari,shrew mouse,XM_021192829.2,XP_021048488.1,10639753,model,,default-seq
110400860,BDNF,brain derived neurotrophic factor,Numida meleagris,helmeted guineafowl,XM_021401184.1,XP_021256859.1,10639753,model,,default-seq
110475139,BDNF,brain derived neurotrophic factor,Lonchura striata domestica,Bengalese finch,XM_021539051.2,XP_021394726.1,10639753,model,,default-seq
110576669,BDNF,brain derived neurotrophic factor,Neomonachus schauinslandi,Hawaiian monk seal,XM_021685880.1,XP_021541555.1,10639753,model,,default-seq
110955916,bdnf,brain-derived neurotrophic factor,Acanthochromis polyacanthus,spiny chromis,XM_022201096.1,XP_022056788.1,10639753,model,,default-seq
111150176,LOC111150176,brain derived neurotrophic factor,Enhydra lutris kenyoni,,XM_022507574.1,XP_022363282.1,10639753,model,,default-seq
111179820,BDNF,brain derived neurotrophic factor,Delphinapterus leucas,beluga whale,XM_022583733.1,XP_022439441.1,10639753,model,,default-seq
111238401,bdnf,brain-derived neurotrophic factor,Seriola dumerili,greater amberjack,XM_022767880.1,XP_022623601.1,10639753,model,,default-seq
111554690,BDNF,brain derived neurotrophic factor,Piliocolobus tephrosceles,Ugandan red Colobus,XM_023230347.2,XP_023086115.1,10639753,model,,default-seq
111580053,bdnf,brain-derived neurotrophic factor,Amphiprion ocellaris,clown anemonefish,XM_023287611.1,XP_023143379.1,10639753,model,,default-seq
111668292,bdnf,brain-derived neurotrophic factor,Seriola lalandi dorsalis,,XM_023424307.1,XP_023280075.1,10639753,model,,default-seq
111843262,bdnf,brain-derived neurotrophic factor,Paramormyrops kingsleyae,,XM_023810716.1,XP_023666484.1,10639753,model,,default-seq
111930478,BDNF,brain derived neurotrophic factor,Cyanistes caeruleus,blue tit,XM_023928496.1,XP_023784264.1,10639753,model,,default-seq
112117035,BDNF,brain derived neurotrophic factor,Terrapene carolina triunguis,Three-toed box turtle,XM_024214871.2,XP_024070639.1,10639753,model,,default-seq
112161189,bdnf,brain-derived neurotrophic factor,Oryzias melastigma,Indian medaka,XM_024296236.1,XP_024152004.1,10639753,model,,default-seq
112303343,BDNF,brain derived neurotrophic factor,Desmodus rotundus,common vampire bat,XM_024558903.1,XP_024414671.1,10639753,model,,default-seq
112412908,BDNF,brain derived neurotrophic factor,Neophocaena asiaeorientalis asiaeorientalis,Yangtze finless porpoise,XM_024764694.1,XP_024620462.1,10639753,model,,default-seq
112607193,BDNF,brain derived neurotrophic factor,Theropithecus gelada,gelada,XM_025358305.1,XP_025214090.1,10639753,model,,default-seq
112667789,BDNF,brain derived neurotrophic factor,Canis lupus dingo,dingo,XM_025459816.2,XP_025315601.1,10639753,model,,default-seq
112829628,BDNF,brain derived neurotrophic factor,Callorhinus ursinus,northern fur seal,XM_025879326.1,XP_025735111.1,10639753,model,,default-seq
112865997,BDNF,brain derived neurotrophic factor,Puma concolor,puma,XM_025929035.1,XP_025784820.1,10639753,model,,default-seq
112935019,BDNF,brain derived neurotrophic factor,Vulpes vulpes,red fox,XM_026018600.1,XP_025874385.1,10639753,model,,default-seq
112948838,BDNF,brain derived neurotrophic factor,Nothoprocta perdicaria,,XM_026041160.1,XP_025896945.1,10639753,model,,default-seq
112969631,BDNF,brain derived neurotrophic factor,Apteryx rowi,Okarito brown kiwi,XM_026073096.1,XP_025928881.1,10639753,model,,default-seq
112996572,BDNF,brain derived neurotrophic factor,Dromaius novaehollandiae,emu,XM_026122142.1,XP_025977927.1,10639753,model,,default-seq
113021665,bdnf,brain-derived neurotrophic factor,Astatotilapia calliptera,eastern happy,XM_026166368.1,XP_026022153.1,10639753,model,,default-seq
113105966,bdnf,brain-derived neurotrophic factor,Carassius auratus,goldfish,XM_026267401.1,XP_026123186.1,10639753,model,,default-seq
113138062,bdnf,brain-derived neurotrophic factor,Mastacembelus armatus,zig-zag eel,XM_026320191.1,XP_026175976.1,10639753,model,,default-seq
113174532,bdnf,brain-derived neurotrophic factor,Anabas testudineus,climbing perch,XM_026378593.1,XP_026234378.1,10639753,model,,default-seq
113199355,Bdnf,brain derived neurotrophic factor,Urocitellus parryii,Arctic ground squirrel,XM_026412272.1,XP_026268057.1,10639753,model,,default-seq
113265088,BDNF,brain derived neurotrophic factor,Ursus arctos horribilis,,XM_026512203.1,XP_026367988.1,10639753,model,,default-seq
113410188,BDNF,brain derived neurotrophic factor,Notechis scutatus,mainland tiger snake,XM_026664626.1,XP_026520411.1,10639753,model,,default-seq
113438878,BDNF,brain derived neurotrophic factor,Pseudonaja textilis,,XM_026704474.1,XP_026560259.1,10639753,model,,default-seq
113481351,BDNF,brain derived neurotrophic factor,Athene cunicularia,burrowing owl,XM_026850900.1,XP_026706701.1,10639753,model,,default-seq
113540798,bdnf,brain-derived neurotrophic factor,Pangasianodon hypophthalmus,striped catfish,XM_026937384.2,XP_026793185.2,,model,,default-seq
113576712,bdnf,brain-derived neurotrophic factor,Electrophorus electricus,electric eel,XM_027008950.2,XP_026864751.2,,model,,default-seq
113624889,BDNF,brain derived neurotrophic factor,Lagenorhynchus obliquidens,Pacific white-sided dolphin,XM_027115138.1,XP_026970939.1,10639753,model,,default-seq
113636839,bdnf,brain-derived neurotrophic factor,Tachysurus fulvidraco,yellow catfish,XM_027137186.1,XP_026992987.1,10639753,model,,default-seq
113905455,BDNF,brain derived neurotrophic factor,Bos indicus x Bos taurus,hybrid cattle,XM_027562786.1,XP_027418587.1,10639753,model,,default-seq
113913517,BDNF,brain derived neurotrophic factor,Zalophus californianus,California sea lion,XM_027577807.1,XP_027433608.1,10639753,model,,default-seq
113956595,BDNF,brain derived neurotrophic factor,Corapipo altera,White-ruffed manakin,XM_027663335.1,XP_027519136.1,10639753,model,,default-seq
113978388,BDNF,brain derived neurotrophic factor,Neopelma chrysocephalum,saffron-crested tyrant-manakin,XM_027705303.1,XP_027561104.1,10639753,model,,default-seq
113995562,BDNF,brain derived neurotrophic factor,Pipra filicauda,Wire-tailed manakin,XM_027735729.1,XP_027591530.1,10639753,model,,default-seq
114036167,BDNF,brain derived neurotrophic factor,Vombatus ursinus,common wombat,XM_027852578.1,XP_027708379.1,10639753,model,,default-seq
114070984,BDNF,brain derived neurotrophic factor,Empidonax traillii,willow flycatcher,XM_027908627.1,XP_027764428.1,10639753,model,,default-seq
114093712,Bdnf,brain derived neurotrophic factor,Marmota flaviventris,yellow-bellied marmot,XM_027936596.1,XP_027792397.1,10639753,model,,default-seq
114142877,bdnf,brain-derived neurotrophic factor,Xiphophorus couchianus,Monterrey platyfish,XM_028014411.1,XP_027870212.1,10639753,model,,default-seq
114220007,BDNF,brain derived neurotrophic factor,Eumetopias jubatus,Steller sea lion,XM_028117708.1,XP_027973509.1,10639753,model,,default-seq
114433420,bdnf,brain-derived neurotrophic factor,Parambassis ranga,Indian glassy fish,XM_028401977.1,XP_028257778.1,10639753,model,,default-seq
114461296,bdnf,brain-derived neurotrophic factor,Gouania willdenowi,blunt-snouted clingfish,XM_028443281.1,XP_028299082.1,10639753,model,,default-seq
114500881,BDNF,brain derived neurotrophic factor,Phyllostomus discolor,pale spear-nosed bat,XM_028517638.1,XP_028373439.1,10639753,model,,default-seq
114558058,bdnf,brain-derived neurotrophic factor,Perca flavescens,yellow perch,XM_028581783.1,XP_028437584.1,10639753,model,,default-seq
114597199,BDNF,brain derived neurotrophic factor,Podarcis muralis,Common wall lizard,XM_028729457.1,XP_028585290.1,10639753,model,,default-seq
114620789,Bdnf,brain derived neurotrophic factor,Grammomys surdaster,,XM_028766921.1,XP_028622754.1,10639753,model,,default-seq
114646190,bdnf,brain-derived neurotrophic factor,Erpetoichthys calabaricus,reedfish,XM_028794224.1,XP_028650057.1,10639753,model,,default-seq
114702098,Bdnf,brain derived neurotrophic factor,Peromyscus leucopus,white-footed mouse,XM_028882376.1,XP_028738209.1,10639753,model,,default-seq
114766320,bdnf,brain-derived neurotrophic factor,Denticeps clupeoides,denticle herring,XM_028957024.1,XP_028812857.1,,model,,default-seq
114852405,bdnf,brain-derived neurotrophic factor,Betta splendens,Siamese fighting fish,XM_029144763.1,XP_029000596.1,10639753,model,,default-seq
114886864,BDNF,brain derived neurotrophic factor,Monodon monoceros,narwhal,XM_029207934.1,XP_029063767.1,10639753,model,,default-seq
115028088,bdnf,brain-derived neurotrophic factor,Cottoperca gobio,,XM_029461496.1,XP_029317356.1,,model,,default-seq
115041223,bdnf,brain-derived neurotrophic factor,Echeneis naucrates,live sharksucker,XM_029498550.1,XP_029354410.1,,model,,default-seq
115079414,BDNF,brain derived neurotrophic factor,Rhinatrema bivittatum,two-lined caecilian,XM_029582984.1,XP_029438844.1,,model,,default-seq
115306639,BDNF,brain derived neurotrophic factor,Suricata suricatta,meerkat,XM_029957152.1,XP_029813012.1,,model,,default-seq
115352126,BDNF,brain derived neurotrophic factor,Aquila chrysaetos chrysaetos,,XM_030039828.1,XP_029895688.1,,model,,default-seq
115355838,bdnf,brain-derived neurotrophic factor,Myripristis murdjan,pinecone soldierfish,XM_030046750.1,XP_029902610.1,,model,,default-seq
115392362,bdnf,brain-derived neurotrophic factor,Salarias fasciatus,jewelled blenny,XM_030096988.1,XP_029952848.1,,model,,default-seq
115417238,bdnf,brain-derived neurotrophic factor,Sphaeramia orbicularis,orbiculate cardinalfish,XM_030131251.1,XP_029987111.1,,model,,default-seq
115467940,BDNF,brain derived neurotrophic factor,Microcaecilia unicolor,,XM_030199447.1,XP_030055307.1,,model,,default-seq
115525821,BDNF,brain derived neurotrophic factor,Lynx canadensis,Canada lynx,XM_030333208.1,XP_030189068.1,,model,,default-seq
115558227,bdnf,brain-derived neurotrophic factor,Gadus morhua,Atlantic cod,XM_030376135.1,XP_030231995.1,,model,,default-seq
115579638,bdnf,brain-derived neurotrophic factor,Sparus aurata,gilthead seabream,XM_030413189.1,XP_030269049.1,,model,,default-seq
115607481,BDNF,brain derived neurotrophic factor,Strigops habroptila,Kakapo,XM_030484817.1,XP_030340677.1,,model,,default-seq
115650366,BDNF,brain derived neurotrophic factor,Gopherus evgoodei,Goodes thornscrub tortoise,XM_030560212.1,XP_030416072.1,,model,,default-seq
115776988,bdnf,brain-derived neurotrophic factor,Archocentrus centrarchus,flier cichlid,XM_030724800.1,XP_030580660.1,,model,,default-seq
115805873,bdnf,brain-derived neurotrophic factor,Chanos chanos,milkfish,XM_030766568.1,XP_030622428.1,,model,,default-seq
115857612,BDNF,brain derived neurotrophic factor,Globicephala melas,long-finned pilot whale,XM_030864833.1,XP_030720693.1,,model,,default-seq
115904690,BDNF,brain derived neurotrophic factor,Camarhynchus parvulus,,XM_030950284.1,XP_030806144.1,,model,,default-seq
116034023,bdnf,brain-derived neurotrophic factor,Sander lucioperca,pike-perch,XM_031276596.1,XP_031132456.1,,model,,default-seq
116090620,Bdnf,brain derived neurotrophic factor,Mastomys coucha,southern multimammate mouse,XM_031371313.1,XP_031227173.1,,model,,default-seq
116237819,BDNF,brain derived neurotrophic factor,Phasianus colchicus,Ring-necked pheasant,XM_031607204.1,XP_031463064.1,,model,,default-seq
116324294,bdnf,brain-derived neurotrophic factor,Oreochromis aureus,,XM_031744875.1,XP_031600735.1,,model,,default-seq
116383174,bdnf,brain-derived neurotrophic factor,Anarrhichthys ocellatus,wolf-eel,XM_031846789.1,XP_031702649.1,,model,,default-seq
116445722,BDNF,brain derived neurotrophic factor,Corvus moneduloides,New Caledonian crow,XM_032112640.1,XP_031968531.1,,model,,default-seq
116476405,BDNF,brain derived neurotrophic factor,Hylobates moloch,silvery gibbon,XM_032166370.1,XP_032022261.1,,model,,default-seq
116490119,BDNF,brain derived neurotrophic factor,Aythya fuligula,tufted duck,XM_032189037.1,XP_032044928.1,,model,,default-seq
116516397,BDNF,brain derived neurotrophic factor,Thamnophis elegans,Western terrestrial garter snake,XM_032228844.1,XP_032084735.1,,model,,default-seq
116555191,BDNF,brain derived neurotrophic factor,Sapajus apella,Tufted capuchin,XM_032283691.1,XP_032139582.1,,model,,default-seq
116599082,BDNF,brain derived neurotrophic factor,Mustela erminea,ermine,XM_032358760.1,XP_032214651.1,,model,,default-seq
116638304,BDNF,brain derived neurotrophic factor,Phoca vitulina,harbor seal,XM_032414183.1,XP_032270074.1,,model,,default-seq
116682771,bdnf,brain-derived neurotrophic factor,Etheostoma spectabile,orangethroat darter,XM_032509793.1,XP_032365684.1,,model,,default-seq
116718342,bdnf,brain-derived neurotrophic factor,Xiphophorus hellerii,green swordtail,XM_032560178.1,XP_032416069.1,,model,,default-seq
116758559,BDNF,brain derived neurotrophic factor,Phocoena sinus,vaquita,XM_032641481.1,XP_032497372.1,,model,,default-seq
116788474,BDNF,brain derived neurotrophic factor,Chiroxiphia lanceolata,lance-tailed manakin,XM_032691332.1,XP_032547223.1,,model,,default-seq
116819268,BDNF,brain derived neurotrophic factor,Chelonoidis abingdonii,Abingdon island giant tortoise,XM_032770859.1,XP_032626750.1,,model,,default-seq
116881443,BDNF,brain derived neurotrophic factor,Lontra canadensis,Northern American river otter,XM_032881246.1,XP_032737137.1,,model,,default-seq
116901726,Bdnf,brain derived neurotrophic factor,Rattus rattus,black rat,XM_032903861.1,XP_032759752.1,,model,,default-seq
116984499,bdnf,brain derived neurotrophic factor,Amblyraja radiata,thorny skate,XM_033038635.1,XP_032894526.1,,model,,default-seq
116997753,BDNF,brain derived neurotrophic factor,Catharus ustulatus,Swainson's thrush,XM_033062838.1,XP_032918729.1,,model,,default-seq
117029758,BDNF,brain derived neurotrophic factor,Rhinolophus ferrumequinum,greater horseshoe bat,XM_033118944.1,XP_032974835.1,,model,,default-seq
117047909,BDNF,brain derived neurotrophic factor,Lacerta agilis,,XM_033151141.1,XP_033007032.1,,model,,default-seq
117080419,BDNF,brain derived neurotrophic factor,Trachypithecus francoisi,Francois's langur,XM_033205475.1,XP_033061366.1,,model,,default-seq
117352231,BDNF,brain derived neurotrophic factor,Geotrypetes seraphini,,XM_033928531.1,XP_033784422.1,,model,,default-seq
117665398,BDNF,brain derived neurotrophic factor,Pantherophis guttatus,,XM_034417213.1,XP_034273104.1,,model,,default-seq
117704234,Bdnf,brain derived neurotrophic factor,Arvicanthis niloticus,African grass rat,XM_034496309.1,XP_034352200.1,,model,,default-seq
117877165,BDNF,brain derived neurotrophic factor,Trachemys scripta elegans,,XM_034769999.1,XP_034625890.1,,model,,default-seq
118015716,BDNF,brain derived neurotrophic factor,Mirounga leonina,Southern elephant seal,XM_035012477.1,XP_034868368.1,,model,,default-seq
118086319,BDNF,brain derived neurotrophic factor,Zootoca vivipara,common lizard,XM_035117800.1,XP_034973691.1,,model,,default-seq
118168118,BDNF,brain derived neurotrophic factor,Oxyura jamaicensis,ruddy duck,XM_035328263.1,XP_035184154.1,,model,,default-seq
118249880,BDNF,brain derived neurotrophic factor,Cygnus atratus,black swan,XM_035550371.1,XP_035406264.1,,model,,default-seq
